G2,79
RSSHub,510
Semantic-UI-React,288
aks-engine,190
angular,1514
angular-cli,557
angular.js,1804
ant-design,805
axe-core,125
camunda-bpm-platform,221
chakra-ui,303
commitlint,127
components,536
deno,375
electron-builder,324
element3,476
fxa,151
gatsby,2453
goreleaser,191
influxdb,191
instantsearch.js,93
ionic-framework,395
jina,112
js-ipfs,188
karma,350
lerna,144
loopback-next,193
material,374
material-components-web,271
ng-bootstrap,161
node-mongodb-native,106
pgjdbc,130
pnpm,78
reaction,53
renovate,412
rest.js,127
rxjs,423
sequelize,479
serenity-js,19
serverless,292
stencil,162
stryker,92
super-productivity,34
superset,185
taro,329
vant,129
vee-validate,54
verdaccio,136
vite,262
vue-cli,405
vue-test-utils,243
vuetify,533
webiny-js,46
zeebe,69
